[
  {
    "model": "products.product",
    "pk": 1,
    "fields": {
      "name": "Худи черного цвета с монограммами adidas Originals",
      "description": "Мягкая ткань для свитшотов. Стиль и комфорт – это образ жизни.",
      "price": "6090.00",
      "quantity": 10,
      "image": "products_images/Adidas-hoodie.png",
      "category": 1
    }
  },
  {
    "model": "products.product",
    "pk": 2,
    "fields": {
      "name": "Синяя куртка The North Face",
      "description": "Гладкая ткань. Водонепроницаемое покрытие. Легкий и теплый пуховый наполнитель.",
      "price": "23725.00",
      "quantity": 15,
      "image": "products_images/Blue-jacket-The-North-Face.png",
      "category": 2
    }
  },
  {
    "model": "products.product",
    "pk": 3,
    "fields": {
      "name": "Коричневый спортивный oversized-топ ASOS DESIGN",
      "description": "Материал с плюшевой текстурой. Удобный и мягкий.",
      "price": "3390.00",
      "quantity": 20,
      "image": "products_images/Brown-sports-oversized-top-ASOS-DESIGN.png",
      "category": 1
    }
  },
  {
    "model": "products.product",
    "pk": 4,
    "fields": {
      "name": "Черный рюкзак Nike Heritage",
      "description": "Плотная ткань. Легкий материал.",
      "price": "2340.00",
      "quantity": 5,
      "image": "products_images/Black-Nike-Heritage-backpack.png",
      "category": 4
    }
  },
  {
    "model": "products.product",
    "pk": 5,
    "fields": {
      "name": "Черные туфли на платформе с 3 парами люверсов Dr Martens 1461 Bex",
      "description": "Гладкий кожаный верх. Натуральный материал.",
      "price": "13590.00",
      "quantity": 12,
      "image": "products_images/Black-Dr-Martens-shoes.png",
      "category": 3
    }
  },
  {
    "model": "products.product",
    "pk": 6,
    "fields": {
      "name": "Темно-синие широкие строгие брюки ASOS DESIGN",
      "description": "Легкая эластичная ткань сирсакер Фактурная ткань.",
      "price": "2890.00",
      "quantity": 25,
      "image": "products_images/Dark-blue-wide-leg-ASOs-DESIGN-trousers.png",
      "category": 2
    }
  }
]